codigo_comuna,nombre_comuna,pop_chilean,pct_foreign,median_age_chilean,median_age_foreign,mean_schooling_chilean,mean_schooling_foreign,emp_rate_chilean,dependency_ratio,grd_total,grd_chilean,grd_foreign,grd_pct_foreign,grd_mean_los,grd_mean_los_chilean,grd_mean_los_foreign,grd_mean_severity,grd_mortality_rate,grd_top3_chapters,grd_rate_per_10k,eno_total,eno_chilean,eno_foreign,eno_desconocido,eno_top3_diseases,eno_rate_per_10k,log_pop_total,pct_unemployed,schooling_gap
5101,Valparaíso,272618.0,0.043237476222897614,36.8,30.1,11.4,11.9,53.9,46.98,24180,22541,1639,6.78,5.6,5.7,4.9,1.92,2.84,Embarazo y parto | Enfermedades circulatorias | Enfermedades digestivas,848.61,4821,4312,421,88,Sífilis | VIH | Tuberculosis,169.19,12.560026891725041,45.69789147112705,-0.5
5102,Casablanca,27607.0,0.075947248627661,34.5,28.7,10.8,10.3,56.4,44.21,2134,1963,171,8.01,4.8,4.9,4.1,1.78,2.15,Embarazo y parto | Enfermedades digestivas | Enfermedades respiratorias,714.29,312,278,29,5,Sífilis | Coqueluche | VIH,104.43,10.304810761476958,42.43041237113403,0.5
13101,Santiago,258429.0,0.40643568336070374,35.0,34.0,14.421517757972174,13.80532818251394,72.65863243384857,26.21068282540111,54929,35664,19265,35.072548198583625,6.682745162708883,7.682128988688165,4.817207689883391,1.6154854448469842,2.799978153616487,"Cap.15  EMBARAZO, PARTO Y PUERPERIO (O00-O9A) | Cap.19  LESIONES TRAUMÁTICAS, ENVENENAMIENTOS Y OTRAS CONSECUENCIAS DE CAUSAS EXTERNAS (S00-T88) | Cap.11  ENFERMEDADES DEL APARATO DIGESTIVO (K00-K95)",94607.302790217,12186,5059,3635,3492,VIH | Parotiditis | Sifilis,20988.63244919049,12.983985976109665,22.999884345123235,0.6161895754582343
13102,Cerrillos,71466.0,0.151214993230243,36.0,34.0,11.725,11.439,60.8,0.463,7623,6681,942,12.36,7.39,7.71,5.11,1.7,3.27,Cap.15  EMBARAZO | PARTO Y PUERPERIO (O00-O9A) | Cap.11  ENFERMEDADES DEL APARATO DIGESTIVO (K00-K95) | Cap.19  LESIONES TRAUMÁTICAS | ENVENENAMIENTOS Y OTRAS CONSECUENCIAS DE CAUSAS EXTERNAS (S00-T88),896.39,642,297,101,244,VIH | Parotiditis | Sifilis,75.49,11.340926446979191,37.88442955889688,0.2859999999999996
13103,Cerro Navia,113911.0,0.09694783573806881,38.0,32.0,10.307062317592152,11.639353856958914,0.5773410035155001,0.4774990043807248,27846,25523,2323,8.342311283487753,6.379049055519644,6.487638600478,5.185966422729229,1.4767650650003592,3.372118078000431,"Cap.15  EMBARAZO, PARTO Y PUERPERIO (O00-O9A), Cap.11  ENFERMEDADES DEL APARATO DIGESTIVO (K00-K95), Cap.19  LESIONES TRAUMÁTICAS, ENVENENAMIENTOS Y OTRAS CONSECUENCIAS DE CAUSAS EXTERNAS (S00-T88)",2207.5471698113206,1002,565,127,310,"VIH, Coqueluche, Parotiditis",79.43554780402727,11.745147680217642,99.41099071366607,-1.3322915393667625
13104,Conchalí,103271.0,0.14621725075853403,39.0,34.0,11.325066467264872,11.98365271802894,0.610039476045218,0.4786029599542751,10561,9346,1215,0.1150459236814695,6.366631947732222,6.6164134389043445,4.445267489711934,1.429504781744153,0.0368336331786762,"Cap.15  EMBARAZO, PARTO Y PUERPERIO (O00-O9A) | Cap.19  LESIONES TRAUMÁTICAS, ENVENENAMIENTOS Y OTRAS CONSECUENCIAS DE CAUSAS EXTERNAS (S00-T88) | Cap.11  ENFERMEDADES DEL APARATO DIGESTIVO (K00-K95)",868.596149259378,1134,635,188,311,VIH | Parotiditis | Sifilis,93.26654987786524,11.703190389518493,99.36934391851712,-0.6585862507640687
13105,El Bosque,143714.0,0.06900483267040669,37.0,31.0,10.971926269356342,12.114082741328875,58.93712654010893,0.4970013113236655,9517,9046,471,4.949038562572239,7.223915099295997,7.369334512491709,4.43099787685775,1.774613848901965,3.4254491961752653,"Cap.15  EMBARAZO, PARTO Y PUERPERIO (O00-O9A), Cap.10  ENFERMEDADES DEL APARATO RESPIRATORIO (J00-J99), Cap.11  ENFERMEDADES DEL APARATO DIGESTIVO (K00-K95)",612.9836335881796,1212,634,111,467,"VIH, Parotiditis, Coqueluche",78.06411305126339,11.94708168506975,40.228986423107735,-1.142156471972534
13107,Huechuraba,92790.0,0.08283994425279971,36.0,35.0,12.77,14.12,63.92,44.0,6170,5743,427,6.92,6.09,6.22,4.27,1.37,3.42,"Cap.15  EMBARAZO, PARTO Y PUERPERIO (O00-O9A) | Cap.19  LESIONES TRAUMÁTICAS, ENVENENAMIENTOS Y OTRAS CONSECUENCIAS DE CAUSAS EXTERNAS (S00-T88) | Cap.11  ENFERMEDADES DEL APARATO DIGESTIVO (K00-K95)",606.0,832,456,68,308,VIH | Parotiditis | Sifilis,81.72245796008173,11.524567433504155,35.095861462276744,-1.3499999999999996
13108,Independencia,64272.0,0.44678946462385954,36.0,33.0,12.854490256989552,12.936710529785609,67.16144308373858,39.83546377452797,10573,0,0,0.0,6.467889908256881,0.0,0.0,0.0,2.8563321668400645,,1006.952380952381,1642,607,786,0,,156.38095238095238,11.662895991546524,26.933510659666126,-0.08222027279605726
13109,La Cisterna,82209.0,0.19380019809553697,37.0,32.0,12.724804060352865,13.401106500691563,0.6740233337606916,0.4479394756049632,7338,6249,1089,0.1484055600981193,6.360997547015535,6.6426628260521685,4.744719926538108,1.6107931316434996,0.037884982284001,"Cap.15  EMBARAZO, PARTO Y PUERPERIO (O00-O9A) | Cap.11  ENFERMEDADES DEL APARATO DIGESTIVO (K00-K95) | Cap.19  LESIONES TRAUMÁTICAS, ENVENENAMIENTOS Y OTRAS CONSECUENCIAS DE CAUSAS EXTERNAS (S00-T88)",711.342904504784,714,333,149,232,VIH | Parotiditis | Coqueluche,69.21488604748102,11.532443738116108,99.30392751336397,-0.6763024403386986
13110,La Florida,335340.0,0.09860896445131376,38.0,34.0,12.846742116528745,13.96530903502031,65.99295673680061,46.80625237440616,49846,46736,3110,6.239216787706135,6.002897539774099,6.132361800395881,4.133388566694284,1.4035218054774716,2.9992376519680617,H25.9 | K80.2 | Z51.1,1329.8082361352697,2128,1539,342,247,VIH | Sifilis | Parotiditis,56.77149473369687,12.82671633529825,32.74555484271612,-1.118566918491565
13111,La Granja,101705.0,0.08583883870387848,39.0,32.0,10.85673384925022,12.150498640072527,59.35718379536063,49.86421223026395,14803,13943,860,5.809633182463014,5.393568871174762,5.440436061105931,4.633720930232558,1.482875092886577,2.526514895629264,Cap.15  EMBARAZO | PARTO Y PUERPERIO (O00-O9A) | Cap.11  ENFERMEDADES DEL APARATO DIGESTIVO (K00-K95) | Cap.09  ENFERMEDADES DEL APARATO CIRCULATORIO (I00-I99),1321.4368606166645,943,454,108,381,VIH | Parotiditis | Coqueluche,84.17989323525737,11.619580142838768,39.54560310747423,-1.2937647908223067
13112,La Pintana,166483.0,0.04438194185345694,34.0,32.0,10.01,11.47,55.71,49.0,25556,24778,778,3.04,5.37,5.42,3.86,1.47,1.953,"Cap.15  EMBARAZO, PARTO Y PUERPERIO (O00-O9A) | Cap.11  ENFERMEDADES DEL APARATO DIGESTIVO (K00-K95) | Cap.19  LESIONES TRAUMÁTICAS, ENVENENAMIENTOS Y OTRAS CONSECUENCIAS DE CAUSAS EXTERNAS (S00-T88)",1456.8,1507,755,102,650,VIH | Parotiditis | Coqueluche,85.90761653393837,12.068045447615393,43.758748156014114,-1.4600000000000009
13114,LAS CONDES,261670.0,0.1061320835283307,38.0,40.0,15.967253020040872,16.103877582485353,69.12262491710636,47.11981103628505,10656,9651,1005,9.43,5.92,6.13,3.79,1.43,2.93,Cap.02  NEOPLASIAS (C00-D49) | Cap.19  LESIONES TRAUMÁTICAS | ENVENENAMIENTOS Y OTRAS CONSECUENCIAS DE CAUSAS EXTERNAS (S00-T88) | Cap.11  ENFERMEDADES DEL APARATO DIGESTIVO (K00-K95),359.84,2123,970,231,922,VIH | Parotiditis | Sifilis,72.5219,12.587036706031556,29.710535742782373,-0.1366245624444815
13115,Lo Barnechea,98589.0,0.11010317094966016,34.0,42.0,14.86880298182538,15.031678750697155,63.15209016331526,45.969696576931554,6883,6204,679,9.86,5.166742081447964,5.2396094141211815,4.483568075117371,1.4259770448932152,1.7724829289553898,"Cap.15  EMBARAZO, PARTO Y PUERPERIO (O00-O9A) | Cap.11  ENFERMEDADES DEL APARATO DIGESTIVO (K00-K95) | Cap.19  LESIONES TRAUMÁTICAS, ENVENENAMIENTOS Y OTRAS CONSECUENCIAS DE CAUSAS EXTERNAS (S00-T88)",611.1703072278458,630,278,42,310,Parotiditis | Coqueluche | VIH,55.94,11.615364717891936,35.7512819549223,-0.1628757688717748
13116,Lo Espejo,80266.0,0.07504206135195557,38.0,32.0,10.356598016781083,11.212395235994707,56.82800098970328,0.4976239084561409,5269,4949,320,6.073258682862023,6.763142911368381,6.819357445948676,5.89375,1.626684380337825,2.770924274055798,"Cap.15  EMBARAZO, PARTO Y PUERPERIO (O00-O9A), Cap.11  ENFERMEDADES DEL APARATO DIGESTIVO (K00-K95), Cap.10  ENFERMEDADES DEL APARATO RESPIRATORIO (J00-J99)",603.5855432728106,678,366,72,240,"VIH, Parotiditis, Coqueluche",77.66767856120052,11.371108412301787,42.30400694318457,-0.8557972192136241
13117,Lo Prado,78678.0,0.13338767237960963,41.0,34.0,11.056758411989335,12.004300101844516,0.6259051783030468,0.4754654771140419,6169,5596,573,9.288377370724591,5.955584373480304,6.083631165117941,4.705061082024433,1.383803959753327,3.0637056248986867,"Cap.11  ENFERMEDADES DEL APARATO DIGESTIVO (K00-K95), Cap.15  EMBARAZO, PARTO Y PUERPERIO (O00-O9A), Cap.19  LESIONES TRAUMÁTICAS, ENVENENAMIENTOS Y OTRAS CONSECUENCIAS DE CAUSAS EXTERNAS (S00-T88)",675.7585715850587,591,442,149,0,"VIH, Sifilis, Parotiditis",64.73874465987512,11.41628239726536,99.35698459159289,-0.9475416898551803
13118,Macul,105336.0,0.14244543404459714,39.0,35.0,13.33633394303632,14.598976488911964,69.14035980991174,44.13281641111615,13343,12128,1215,9.105898223787753,5.520947313197931,5.670679419525066,4.026337448559671,1.5699617777111594,3.440005995653152,Cap.11  ENFERMEDADES DEL APARATO DIGESTIVO (K00-K95) | Cap.15  EMBARAZO | PARTO Y PUERPERIO (O00-O9A) | Cap.19  LESIONES TRAUMÁTICAS | ENVENENAMIENTOS Y OTRAS CONSECUENCIAS DE CAUSAS EXTERNAS (S00-T88),1077.7867528271406,890,405,110,375,VIH | Parotiditis | Coqueluche,71.89014539579968,11.71858098823553,29.14335637499156,-1.262642545875643
13119,maipu,469627.0,0.06187175389532561,38.0,34.0,12.64,12.98,62.55,43.27,62614,58932,3682,5.88,7.02,7.16,4.68,1.64,3.49,"Cap.15  EMBARAZO, PARTO Y PUERPERIO (O00-O9A) | Cap.11  ENFERMEDADES DEL APARATO DIGESTIVO (K00-K95) | Cap.09  ENFERMEDADES DEL APARATO CIRCULATORIO (I00-I99)",1250.78,3316,1827,267,1222,VIH | Parotiditis | Coqueluche,66.24,13.12356265797981,36.77188557730724,-0.33999999999999986
13120,Ñuñoa,239323.0,0.0,37.0,,15.7067,0.0,77.3343,38.3377,17291,15769,1522,8.8023,20.9672,21.2153,18.3968,1.3757,2.9611,H26 | K80 | K35,716.0813,1735,830,255,650,VIH | Parotiditis | Coqueluche,71.8525,12.385569382942698,22.66570000000001,15.7067
13121,Pedro Aguirre Cerda,86292.0,0.09537687388615158,41.0,32.0,11.227268311637848,11.5188679245283,0.6110818516971469,0.5233152347492814,15537,14355,1182,7.607646263757482,6.553517410053421,6.672309299895507,5.11082910321489,1.6154341249919546,3.617171912209564,"Cap.15  EMBARAZO, PARTO Y PUERPERIO (O00-O9A), Cap.11  ENFERMEDADES DEL APARATO DIGESTIVO (K00-K95), Cap.19  LESIONES TRAUMÁTICAS, ENVENENAMIENTOS Y OTRAS CONSECUENCIAS DE CAUSAS EXTERNAS (S00-T88)",1628.7870846000628,910,452,102,356,"VIH, Parotiditis, Coqueluche",95.39784044449104,11.465729030139254,99.37852733750157,-0.291599612890451
13122,Peñalolén,216664.0,0.07789996935752953,38.0,34.0,12.222863898249807,12.847695541210028,64.7195868375159,43.49306132851135,44917,42047,2870,6.39,5.34,5.43,4.14,1.56,2.91,"Cap.11  ENFERMEDADES DEL APARATO DIGESTIVO (K00-K95) | Cap.15  EMBARAZO, PARTO Y PUERPERIO (O00-O9A) | Cap.19  LESIONES TRAUMÁTICAS, ENVENENAMIENTOS Y OTRAS CONSECUENCIAS DE CAUSAS EXTERNAS (S00-T88)",1899.42,1487,701,124,662,VIH | Parotiditis | Coqueluche,62.88,12.367204613641524,34.27956143010887,-0.6248316429602205
13123,Providencia,126841.0,0.11900065289566171,38.0,39.0,16.475442306700366,16.3480222801946,76.79002413515687,38.77547086152719,10505,9451,1054,10.03,5.85,5.92,5.19,1.43,2.93,Catarata | no especificada | Cálculo de la vesícula biliar sin colecistitis | Apendicitis aguda | otra y no especificada,665.93,1455,1001,239,215,VIH | Sifilis | Parotiditis,92.24,11.877388006700466,22.64343124262158,0.12742002650576723
13124,Pudahuel,210831.0,0.06784127335028187,37.0,33.0,11.692555272734923,12.441821869813756,0.6193857649094855,0.4286430963340147,10910,10189,721,6.608615948670944,6.026122823098075,6.160761605653155,4.123439667128988,1.483220245736292,2.722273143904675,"Cap.11  ENFERMEDADES DEL APARATO DIGESTIVO (K00-K95), Cap.15  EMBARAZO, PARTO Y PUERPERIO (O00-O9A), Cap.19  LESIONES TRAUMÁTICAS, ENVENENAMIENTOS Y OTRAS CONSECUENCIAS DE CAUSAS EXTERNAS (S00-T88)",478.8868404881046,1051,882,169,0,"VIH, Sifilis, Parotiditis",46.13291194802915,12.329064314893943,99.37252776478365,-0.749266597078833
13125,Tiltil,177098.0,0.133605338342922,34.0,34.0,12.17,12.35,62.1,38.5,1435,1360,75,5.23,6.31,6.4,4.75,1.348,3.345,"Cap.15  EMBARAZO, PARTO Y PUERPERIO (O00-O9A) | Cap.19  LESIONES TRAUMÁTICAS, ENVENENAMIENTOS Y OTRAS CONSECUENCIAS DE CAUSAS EXTERNAS (S00-T88) | Cap.11  ENFERMEDADES DEL APARATO DIGESTIVO (K00-K95)",69.79,1592,769,270,553,VIH | Parotiditis | Coqueluche,77.42,12.227873275489026,36.31009647371922,-0.17999999999999972
13126,Quinta Normal,92347.0,0.27840940168936607,38.0,32.0,11.942871863729332,12.615201049994036,0.6553346842396128,0.4349533518964312,14588,11624,2964,0.2031806964628461,6.291952289553057,6.686682725395733,4.743927125506073,1.4528379489991774,0.0331779544831368,"Cap.15  EMBARAZO, PARTO Y PUERPERIO (O00-O9A) | Cap.11  ENFERMEDADES DEL APARATO DIGESTIVO (K00-K95) | Cap.19  LESIONES TRAUMÁTICAS, ENVENENAMIENTOS Y OTRAS CONSECUENCIAS DE CAUSAS EXTERNAS (S00-T88)",1127.784091348347,1361,572,431,358,VIH | Parotiditis | Sifilis,105.2175862575473,11.759605839256022,99.30964252985197,-0.6723291862647045
13127,Recoleta,118968.0,0.2223144655732561,39.0,34.0,11.617627309021207,11.922531585409324,62.59941041598428,45.127983705191625,13435,0,0,0.0,6.3290658727205065,0.0,0.0,0.0,2.97729810197246,,707.1052631578947,1978,964,501,0,,104.10526315789474,11.938042862276982,34.21464478182072,-0.30490427638811646
13128,Renca,130218.0,0.08773232638134804,35.0,33.0,10.895059920574488,12.027873787490243,61.2766105307049,47.257794957500685,25748,24002,1746,6.78,6.392185065324224,6.495590034120904,4.999132697311362,1.4646962870902591,3.0681994718036303,"Cap.15  EMBARAZO, PARTO Y PUERPERIO (O00-O9A) | Cap.11  ENFERMEDADES DEL APARATO DIGESTIVO (K00-K95) | Cap.19  LESIONES TRAUMÁTICAS, ENVENENAMIENTOS Y OTRAS CONSECUENCIAS DE CAUSAS EXTERNAS (S00-T88)",1792.7615546364764,1064,590,113,361,VIH | Parotiditis | Coqueluche,74.08,11.868787078245228,37.77078183927449,-1.1328138669157557
13129,San Joaquín,95039.0,0.0,38.0,,12.0399,0.0,65.7219,47.1774,12206,11098,1108,9.0775,23.5948,23.4759,24.7852,1.5568,3.2525,H26 | K80 | K35,1276.7515,767,372,161,234,VIH | Parotiditis | Coqueluche,80.2284,11.462042612655594,34.2781,12.0399
13130,San Miguel,110161.0,0.2696298457193245,36.0,33.0,14.316605873963471,14.617748478701824,73.22180107175532,37.18711343956924,13853,11077,2776,20.04,6.37,6.74,4.91,1.59,3.35,Catarata | no especificada | Apendicitis aguda | otra y no especificada | Fractura del cuello de fémur | cerrada,1283.23,1249,587,330,332,VIH | Parotiditis | Sifilis,115.7,11.923902023759547,24.778174321945368,-0.3011426047383523
13131,San Ramón,69248.0,0.08234608147146909,40.0,32.0,10.520866973046829,11.916823308270676,60.3259789306301,49.66916108704214,11743,10986,757,6.446393596184961,4.966448096738483,5.019843437101766,4.191545574636724,1.4538022651792557,2.214084986800647,Cap.15  EMBARAZO | PARTO Y PUERPERIO (O00-O9A) | Cap.11  ENFERMEDADES DEL APARATO DIGESTIVO (K00-K95) | Cap.07  ENFERMEDADES DEL OJO Y SUS ANEXOS (H00-H59),1545.0909186600354,687,359,54,274,VIH | Parotiditis | Coqueluche,90.39235809583958,11.23138449727521,38.562279617931125,-1.3959563352238469
13132,Vitacura,78906.0,0.07714439428317467,39.0,43.0,16.36246373329884,15.912903225806453,0.7023622047244095,0.5761318389618051,1790,1550,240,13.40782122905028,5.186033519553073,5.393548387096774,3.845833333333333,1.3011173184357545,2.458100558659217,"Cap.02  NEOPLASIAS (C00-D49), Cap.07  ENFERMEDADES DEL OJO Y SUS ANEXOS (H00-H59), Cap.11  ENFERMEDADES DEL APARATO DIGESTIVO (K00-K95)",209.35182802741457,538,238,50,250,"Parotiditis, VIH, Coqueluche",62.922504736731305,11.356295046464133,99.2893520287626,0.44956050749238585
13201,Puente Alto,534717.0,0.05272136862972274,35.0,34.0,12.119722180162295,12.678511471740348,62.39990267376788,43.03022063100012,39492,38156,1336,3.382963638205206,4.784390194489466,4.790312434472636,4.615269461077844,1.51016687346484,2.248556669705257,Cap.15  EMBARAZO | PARTO Y PUERPERIO (O00-O9A) | Cap.11  ENFERMEDADES DEL APARATO DIGESTIVO (K00-K95) | Cap.19  LESIONES TRAUMÁTICAS | ENVENENAMIENTOS Y OTRAS CONSECUENCIAS DE CAUSAS EXTERNAS (S00-T88),699.6210651629739,4334,2527,280,1527,VIH | Parotiditis | Coqueluche,76.77903616976423,13.243654917720535,37.100796734399246,-0.5587892915780532
13202,Pirque,28398.0,0.015325936199722608,37.0,40.0,12.411691088282838,13.803814713896458,65.06849315068493,0.4813682010501096,1731,1702,29,1.675332177931831,4.176776429809359,4.1574618096357225,5.310344827586207,1.4962449451184288,2.541883304448296,"Cap.15  EMBARAZO, PARTO Y PUERPERIO (O00-O9A), Cap.10  ENFERMEDADES DEL APARATO RESPIRATORIO (J00-J99), Cap.07  ENFERMEDADES DEL OJO Y SUS ANEXOS (H00-H59)",595.6641431520991,136,76,8,52,"VIH, Parotiditis, Chagas",46.79972470750173,10.269518591398885,34.73767384464463,-1.3921236256136194
13203,San José de Maipo,17303.0,0.0,39.0,,12.3072,0.0,65.0779,48.4593,2844,2781,63,2.2152,18.8481,18.7666,22.4444,1.4132,1.4065,H26 | K80 | K35,1630.6404,92,51,11,30,VIH | Parotiditis | Coqueluche,52.7493,9.758635175856648,34.9221,12.3072
13301,Colina,149378.0,0.13089669296469547,33.0,35.0,12.61,12.78,59.95,45.82,14742,12697,2045,13.87,5.88,6.06,4.72,1.41,2.04,"Cap.15  EMBARAZO, PARTO Y PUERPERIO (O00-O9A) | Cap.19  LESIONES TRAUMÁTICAS, ENVENENAMIENTOS Y OTRAS CONSECUENCIAS DE CAUSAS EXTERNAS (S00-T88) | Cap.10  ENFERMEDADES DEL APARATO RESPIRATORIO (J00-J99)",850.7,1259,576,174,509,Parotiditis | VIH | Sifilis,72.65,12.054528565567866,38.7344882357048,-0.16999999999999993
13302,Lampa,125486.0,0.12913792385526116,32.0,33.0,12.165,12.308,64.7,0.446,8057,6984,1073,13.32,5.99,6.23,4.47,1.42,2.02,Cap.15  EMBARAZO | PARTO Y PUERPERIO (O00-O9A) | Cap.19  LESIONES TRAUMÁTICAS | ENVENENAMIENTOS Y OTRAS CONSECUENCIAS DE CAUSAS EXTERNAS (S00-T88) | Cap.10  ENFERMEDADES DEL APARATO RESPIRATORIO (J00-J99),555.04,672,390,93,189,VIH | Parotiditis | Sifilis,46.29,11.878221143369176,34.26689660915792,-0.14300000000000068
13401,San Bernardo,284663.0,0.06424572741587142,34.0,33.0,11.6,12.24,60.81,45.28,44506,42580,1926,4.33,6.01,6.04,5.52,1.47,2.35,"EMBARAZO, PARTO Y PUERPERIO, ENFERMEDADES DEL APARATO DIGESTIVO, LESIONES TRAUMÁTICAS, ENVENENAMIENTOS Y OTRAS CONSECUENCIAS DE CAUSAS EXTERNAS",1452.68,2172,1129,149,894,"PAROTIDITIS, SIN COMPLICACIONES, no aplica, TOS FERINA, NO ESPECIFICADA",70.89443844228076,12.625463669719434,38.52505672124573,-0.6400000000000006
13402,Buin,110229.0,0.05129573367530489,34.0,34.0,12.185436165190104,13.374942209893666,63.13281795243464,46.35211390963802,15457,14669,788,5.1,5.576291079812207,5.603302373581012,5.086142322097379,1.488645920941968,2.95658924759008,"Cap.11  ENFERMEDADES DEL APARATO DIGESTIVO (K00-K95) | Cap.15  EMBARAZO, PARTO Y PUERPERIO (O00-O9A) | Cap.19  LESIONES TRAUMÁTICAS, ENVENENAMIENTOS Y OTRAS CONSECUENCIAS DE CAUSAS EXTERNAS (S00-T88)",1321.4612418675033,551,251,34,266,Parotiditis | VIH | Coqueluche,47.11,11.66297345454722,36.36579710309758,-1.1895060447035615
13403,Calera de Tango,24430.0,0.03545483259633607,37.0,35.0,11.97,12.04,60.39,45.97,1539,1502,37,2.4,7.22,7.24,6.43,1.75,2.6,"LESIONES TRAUMÁTICAS, ENVENENAMIENTOS Y OTRAS CONSECUENCIAS DE CAUSAS EXTERNAS, ENFERMEDADES DEL APARATO RESPIRATORIO, ENFERMEDADES DEL APARATO DIGESTIVO",603.74,84,62,11,11,"no aplica, PAROTIDITIS, SIN COMPLICACIONES, HEPATITIS VIRAL TIPO B CRONICA, SIN AGENTE DELTA",32.952806873014005,10.139665782120794,39.173551010739104,-0.06999999999999851
13404,Paine,72865.0,0.07564570964631857,36.0,31.0,11.101812763844052,11.780655828051804,60.77520654363106,47.58757559304263,11428,10437,991,8.67,5.57,5.66,4.65,1.46,3.01,Cálculo de la vesícula biliar sin colecistitis | Apendicitis aguda | otra y no especificada | Catarata | no especificada,1570.66,390,185,74,131,VIH | Parotiditis | Coqueluche,53.6,11.275023542680474,38.74836007705829,-0.6788430642077525
13501,Melipilla,124407.0,0.08170450854763943,37.0,30.0,11.07,11.26,58.93,50.48,29404,26882,2522,8.58,4.98,5.09,3.89,1.23,2.23,"Cap.15  EMBARAZO, PARTO Y PUERPERIO (O00-O9A) | Cap.11  ENFERMEDADES DEL APARATO DIGESTIVO (K00-K95) | Cap.14  ENFERMEDADES DEL APARATO GENITOURINARIO (N00-N99)",2156.9,824,387,245,192,VIH | Chagas | Parotiditis,60.44,11.816549781842761,39.80766534293897,-0.1899999999999995
13502,Alhué,6871.0,0.11341935483870967,37.0,28.0,10.6,11.38,63.78,51.0,900,793,107,11.89,5.64,5.8,4.46,1.28,2.333,"Cap.15  EMBARAZO, PARTO Y PUERPERIO (O00-O9A) | Cap.11  ENFERMEDADES DEL APARATO DIGESTIVO (K00-K95) | Cap.19  LESIONES TRAUMÁTICAS, ENVENENAMIENTOS Y OTRAS CONSECUENCIAS DE CAUSAS EXTERNAS (S00-T88)",1158.6,28,14,9,5,Chagas | VIH | Parotiditis,36.04531410916581,8.955448122347393,34.66161806451612,-0.7800000000000011
13503,CURACAVÍ,33517.0,0.041741715984790005,38.0,35.0,11.494169857292029,13.097132284921368,60.37599093997736,50.32233109850438,5216,5064,152,2.91,6.49,6.54,4.82,1.4,2.93,Cap.15  EMBARAZO | PARTO Y PUERPERIO (O00-O9A) | Cap.11  ENFERMEDADES DEL APARATO DIGESTIVO (K00-K95) | Cap.19  LESIONES TRAUMÁTICAS | ENVENENAMIENTOS Y OTRAS CONSECUENCIAS DE CAUSAS EXTERNAS (S00-T88),1483.29,165,107,14,44,VIH | Sifilis | Parotiditis,47.1739,10.462445981601402,39.20879843775326,-1.6029624276293397
13504,María Pinto,14996.0,0.020829252366960496,38.0,31.0,10.6,11.46,61.08,52.0,1683,1630,53,3.15,4.78,4.83,3.11,1.2,1.664,"Cap.15  EMBARAZO, PARTO Y PUERPERIO (O00-O9A) | Cap.11  ENFERMEDADES DEL APARATO DIGESTIVO (K00-K95) | Cap.14  ENFERMEDADES DEL APARATO GENITOURINARIO (N00-N99)",1096.3,32,24,4,4,VIH | Parotiditis | Chagas,20.844189682126107,9.636588019266876,38.750866470780274,-0.8600000000000012
13505,San Pedro,9808.0,0.11384170581857607,40.0,29.0,9.734945120142392,9.659767141009056,60.40290620871862,56.82620358605111,1355,0,0,0.0,4.900369003690037,0.0,0.0,0.0,1.5498154981549817,,1129.1666666666667,731,19,19,0,,609.1666666666666,9.311813340906816,37.841510152369565,0.07517797913333624
13601,Talagante,71322.0,0.0600809161713736,36.0,32.0,11.83,12.26,59.75,46.76,12342,11754,588,4.76,6.46,6.53,5.09,1.63,2.6,"Cap.15  EMBARAZO, PARTO Y PUERPERIO (O00-O9A) | Cap.11  ENFERMEDADES DEL APARATO DIGESTIVO (K00-K95) | Cap.14  ENFERMEDADES DEL APARATO GENITOURINARIO (N00-N99)",1614.83,314,186,32,96,VIH | Parotiditis | Chagas,41.08,11.236921602665328,39.64979164744798,-0.4299999999999997
13602,El Monte,36404.0,0.02451834186339398,36.0,34.0,10.9,12.53,60.75,50.0,4114,4015,99,2.41,5.95,5.98,4.66,1.62,2.552,"Cap.15  EMBARAZO, PARTO Y PUERPERIO (O00-O9A) | Cap.11  ENFERMEDADES DEL APARATO DIGESTIVO (K00-K95) | Cap.14  ENFERMEDADES DEL APARATO GENITOURINARIO (N00-N99)",1097.2,146,93,18,35,VIH | Parotiditis | Sifilis,38.93644824919327,10.52725785931825,39.044291111766114,-1.629999999999999
13603,Isla de Maipo,37775.0,0.034060398394149385,37.0,31.0,11.147838050314466,12.256438969764838,59.30163973103693,0.475634040954349,2059,1989,70,3.3997085964060223,5.699854298203011,5.733534439416792,4.742857142857143,1.6192326372025254,1.6027197668771247,"Cap.11  ENFERMEDADES DEL APARATO DIGESTIVO (K00-K95), Cap.15  EMBARAZO, PARTO Y PUERPERIO (O00-O9A), Cap.14  ENFERMEDADES DEL APARATO GENITOURINARIO (N00-N99)",524.2654173244385,115,67,11,37,"VIH, Parotiditis, Sifilis",29.28145847125325,10.574056758082826,40.25600026935264,-1.1086009194503728
13604,Padre Hurtado,75497.0,0.0655502333122919,34.0,33.0,12.115747903265206,13.170451509484373,65.16893340088072,45.12084025507743,4764,0,0,0.0,6.111880772460117,0.0,0.0,0.0,1.910159529806885,,732.923076923077,337,206,44,0,,51.84615384615385,11.299645607092907,34.25520192698108,-1.0547036062191673
13605,Peñaflor,90616.0,0.034469531491406594,36.0,34.0,11.981958677958282,12.994342906875543,59.73916291760732,46.112770666625394,10357,9981,376,3.63,6.14,6.17,5.43,1.39,1.89,"Cap.11  ENFERMEDADES DEL APARATO DIGESTIVO (K00-K95) | Cap.15  EMBARAZO, PARTO Y PUERPERIO (O00-O9A) | Cap.19  LESIONES TRAUMÁTICAS, ENVENENAMIENTOS Y OTRAS CONSECUENCIAS DE CAUSAS EXTERNAS (S00-T88)",1097.12,441,251,32,158,VIH | Parotiditis | Coqueluche,46.72,11.4494636972589,39.88965961954926,-1.012384228917261
